Id,output
1,0.45
2,0.45
3,0.5
4,0.45
5,0.45
6,0.5
7,0.4
8,0.5
9,0.4
10,0.5
11,0.4
12,0.43333333333333335
13,0.43333333333333335
14,0.4
15,0.43333333333333335
16,0.45
17,0.45
18,0.5
19,0.45
20,0.45
21,0.5
22,0.4
23,0.5
24,0.4
25,0.5
26,0.4
27,0.43333333333333335
28,0.43333333333333335
29,0.4
30,0.43333333333333335
